{
  "model/makeHelper.js": 1665693620000,
  "i18n/i18n_es.properties": 1695997839610,
  "i18n/i18n_pt.properties": 1674664086000,
  "i18n/i18n.properties": 1694532197000,
  "utils/model/makeHelper.js": 1665693305000,
  "view/Claim/block/information/InformationBlock.js": 1665684169000,
  "view/Claim/block/conversation/ConversationBlock.js": 1665684199000,
  "view/Claim/block/attachment/AttachmentBlock.js": 1665691104000,
  "view/Autogestion/SectionBlocks/sociedades/SociedadesBlock.js": 1665691682000,
  "view/Autogestion/SectionBlocks/sociedades/RetencionesBlock.js": 1665691661000,
  "view/Autogestion/SectionBlocks/personal/PersonalBlockPart2.js": 1665691975000,
  "view/Autogestion/SectionBlocks/personal/PersonalBlockPart1.js": 1665691929000,
  "view/Autogestion/SectionBlocks/personal/BlockSocial.js": 1665691900000,
  "view/Autogestion/SectionBlocks/personal/BlockPhoneNumber.js": 1665691857000,
  "view/Autogestion/SectionBlocks/personal/BlockMailing.js": 1665691840000,
  "view/Autogestion/SectionBlocks/personal/BlockAdresses.js": 1665691819000,
  "view/Autogestion/SectionBlocks/goals/GoalsBlock.js": 1665692018000,
  "view/Autogestion/SectionBlocks/employment/EmploymentBlockJob.js": 1665692328000,
  "view/Autogestion/SectionBlocks/employment/BlockJobInfoPart3.js": 1665692289000,
  "view/Autogestion/SectionBlocks/employment/BlockJobInfoPart2.js": 1665692255000,
  "view/Autogestion/SectionBlocks/employment/BlockJobInfoPart1.js": 1665692227000,
  "view/Autogestion/SectionBlocks/employment/BlockEmpDetailPart3.js": 1665692197000,
  "view/Autogestion/SectionBlocks/employment/BlockEmpDetailPart2.js": 1665692370000,
  "view/Autogestion/SectionBlocks/employment/BlockEmpDetailPart1.js": 1665692396000,
  "view/Autogestion/SectionBlocks/direccion/DireccionEstBlock.js": 1665692501000,
  "view/Autogestion/SectionBlocks/direccion/ComunicacionEstBlock.js": 1665692480000,
  "view/Autogestion/SectionBlocks/datosBasicos/DatosBasicosBlock.js": 1665692538000,
  "view/Autogestion/SectionBlocks/cuentas/CuentasBlock.js": 1665692613000,
  "view/Autogestion/SectionBlocks/compras/ComprasBlock.js": 1665692659000,
  "view/Autogestion/SectionBlocks/checklist/ChecksBlock.js": 1665692705000,
  "view/Autogestion/SectionBlocks/adjuntos/AdjuntosBlock.js": 1665692756000,
  "view/AltaForm/SectionBlocks/datosImpuesto/DatosImpuestoBlock.js": 1665692913000,
  "view/AltaForm/SectionBlocks/datosDireccion/DatosDireccionBlock.js": 1665692947000,
  "view/AltaForm/SectionBlocks/datosBasicos/DatosBasicosBlock.js": 1665692991000,
  "view/AltaForm/SectionBlocks/datosBanco/DatosBancoBlock.js": 1665693018000,
  "view/AltaForm/SectionBlocks/checklist/ChecksBlock.js": 1665693043000,
  "utils/model/start.js": 1665693316000,
  "utils/model/models.js": 1651166494000,
  "manifest.json": 1702591167646,
  "utils/helper/promise.js": 1665693349000,
  "utils/helper/device.js": 1665693341000,
  "utils/controller/CommonOC.js": 1665693572000,
  "utils/controller/CommonNoticia.js": 1665693554000,
  "utils/controller/CommonFacturasView.js": 1665693522000,
  "utils/controller/CommonFacturas.js": 1702589959169,
  "utils/controller/CommonCtaCte.js": 1665693446000,
  "utils/controller/CommonClaims.js": 1665693487000,
  "utils/controller/CommonAltaForm.js": 1665693414000,
  "model/Claim/formatter.js": 1665693653000,
  "controller/Pizarron/Pizarron.controller.js": 1665693802000,
  "controller/OC/OrdenCompra.controller.js": 1665693843000,
  "controller/Facturas/FacturasView.controller.js": 1665693948000,
  "controller/Facturas/Facturas.controller.js": 1702590989513,
  "controller/CtaCte/CuentaCorriente.controller.js": 1691588196000,
  "controller/Claim/InformationBlock.controller.js": 1665694035000,
  "controller/Claim/ConversationBlock.controller.js": 1665694105000,
  "controller/Claim/Claims.controller.js": 1665694088000,
  "controller/Claim/Claim.controller.js": 1674664279000,
  "controller/Claim/AttachmentBlock.controller.js": 1665694055000,
  "controller/Autogestion/Autogestion.controller.js": 1665694132000,
  "controller/AltaForm/BlockCommon.controller.js": 1665694205000,
  "controller/AltaForm/AltaFormulario.controller.js": 1665694176000,
  "utils/models.js": 1651166494000,
  "utils/modelHelper.js": 1665693271000,
  "utils/locate-reuse-libs.js": 1651166494000,
  "utils/gateway.js": 1665693228000,
  "utils/ResourceBundle.js": 1665693101000,
  "utils/MessageParser.js": 1665693285000,
  "utils/MessageDialog.js": 1665693249000,
  "utils/FileReaderHelp.js": 1652198950000,
  "utils/FileDownHelp.js": 1652198950000,
  "utils/DesktopMenu.js": 1651166494000,
  "utils/Common.js": 1702579492409,
  "model/start.js": 1665693606000,
  "model/models.js": 1651166494000,
  "i18n/i18n_en.properties": 1675688606000,
  "controller/Main.controller.js": 1695998625823,
  "controller/BaseController.js": 1665693739000,
  "controller/App.controller.js": 1665693727000,
  "Component.js": 1702398273585,
  "manifest-bundle.zip": 1702591167665,
  "Component-preload.js": 1702591168606,
  "view/Autogestion/SectionBlocks/direccion/DireccionEstBlock-dbg.js": 1665692501000,
  "view/Claim/block/conversation/ConversationBlock-dbg.js": 1665684199000,
  "view/Claim/block/attachment/AttachmentBlock-dbg.js": 1665691104000,
  "view/Autogestion/SectionBlocks/sociedades/SociedadesBlock-dbg.js": 1665691682000,
  "view/Autogestion/SectionBlocks/sociedades/RetencionesBlock-dbg.js": 1665691661000,
  "view/Autogestion/SectionBlocks/personal/PersonalBlockPart2-dbg.js": 1665691975000,
  "view/Autogestion/SectionBlocks/personal/PersonalBlockPart1-dbg.js": 1665691929000,
  "view/Autogestion/SectionBlocks/personal/BlockSocial-dbg.js": 1665691900000,
  "view/Autogestion/SectionBlocks/personal/BlockPhoneNumber-dbg.js": 1665691857000,
  "view/Autogestion/SectionBlocks/personal/BlockMailing-dbg.js": 1665691840000,
  "view/Autogestion/SectionBlocks/personal/BlockAdresses-dbg.js": 1665691819000,
  "view/Autogestion/SectionBlocks/goals/GoalsBlock-dbg.js": 1665692018000,
  "view/Autogestion/SectionBlocks/employment/EmploymentBlockJob-dbg.js": 1665692328000,
  "view/Autogestion/SectionBlocks/employment/BlockJobInfoPart3-dbg.js": 1665692289000,
  "view/Autogestion/SectionBlocks/employment/BlockJobInfoPart2-dbg.js": 1665692255000,
  "view/Autogestion/SectionBlocks/employment/BlockJobInfoPart1-dbg.js": 1665692227000,
  "view/Autogestion/SectionBlocks/employment/BlockEmpDetailPart3-dbg.js": 1665692197000,
  "view/Autogestion/SectionBlocks/employment/BlockEmpDetailPart2-dbg.js": 1665692370000,
  "view/Autogestion/SectionBlocks/employment/BlockEmpDetailPart1-dbg.js": 1665692396000,
  "view/Claim/block/information/InformationBlock-dbg.js": 1665684169000,
  "view/Autogestion/SectionBlocks/direccion/ComunicacionEstBlock-dbg.js": 1665692480000,
  "view/Autogestion/SectionBlocks/datosBasicos/DatosBasicosBlock-dbg.js": 1665692538000,
  "view/Autogestion/SectionBlocks/cuentas/CuentasBlock-dbg.js": 1665692613000,
  "view/Autogestion/SectionBlocks/compras/ComprasBlock-dbg.js": 1665692659000,
  "view/Autogestion/SectionBlocks/checklist/ChecksBlock-dbg.js": 1665692705000,
  "view/Autogestion/SectionBlocks/adjuntos/AdjuntosBlock-dbg.js": 1665692756000,
  "view/AltaForm/SectionBlocks/datosImpuesto/DatosImpuestoBlock-dbg.js": 1665692913000,
  "view/AltaForm/SectionBlocks/datosDireccion/DatosDireccionBlock-dbg.js": 1665692947000,
  "view/AltaForm/SectionBlocks/datosBasicos/DatosBasicosBlock-dbg.js": 1665692991000,
  "view/AltaForm/SectionBlocks/datosBanco/DatosBancoBlock-dbg.js": 1665693018000,
  "view/AltaForm/SectionBlocks/checklist/ChecksBlock-dbg.js": 1665693043000,
  "utils/model/start-dbg.js": 1665693316000,
  "utils/model/models-dbg.js": 1651166494000,
  "utils/model/makeHelper-dbg.js": 1665693305000,
  "utils/helper/promise-dbg.js": 1665693349000,
  "utils/helper/device-dbg.js": 1665693341000,
  "utils/controller/CommonOC-dbg.js": 1665693572000,
  "utils/controller/CommonNoticia-dbg.js": 1665693554000,
  "utils/controller/CommonFacturasView-dbg.js": 1665693522000,
  "utils/controller/CommonFacturas-dbg.js": 1702589959169,
  "utils/controller/CommonCtaCte-dbg.js": 1665693446000,
  "utils/controller/CommonClaims-dbg.js": 1665693487000,
  "utils/controller/CommonAltaForm-dbg.js": 1665693414000,
  "model/Claim/formatter-dbg.js": 1665693653000,
  "controller/Pizarron/Pizarron-dbg.controller.js": 1665693802000,
  "controller/OC/OrdenCompra-dbg.controller.js": 1665693843000,
  "controller/Facturas/FacturasView-dbg.controller.js": 1665693948000,
  "controller/Facturas/Facturas-dbg.controller.js": 1702590989513,
  "controller/CtaCte/CuentaCorriente-dbg.controller.js": 1691588196000,
  "controller/Claim/InformationBlock-dbg.controller.js": 1665694035000,
  "controller/Claim/ConversationBlock-dbg.controller.js": 1665694105000,
  "controller/Claim/Claims-dbg.controller.js": 1665694088000,
  "controller/Claim/Claim-dbg.controller.js": 1674664279000,
  "controller/Claim/AttachmentBlock-dbg.controller.js": 1665694055000,
  "controller/Autogestion/Autogestion-dbg.controller.js": 1665694132000,
  "controller/AltaForm/BlockCommon-dbg.controller.js": 1665694205000,
  "controller/AltaForm/AltaFormulario-dbg.controller.js": 1665694176000,
  "utils/models-dbg.js": 1651166494000,
  "utils/modelHelper-dbg.js": 1665693271000,
  "utils/locate-reuse-libs-dbg.js": 1651166494000,
  "utils/gateway-dbg.js": 1665693228000,
  "utils/ResourceBundle-dbg.js": 1665693101000,
  "utils/MessageParser-dbg.js": 1665693285000,
  "utils/MessageDialog-dbg.js": 1665693249000,
  "utils/FileReaderHelp-dbg.js": 1652198950000,
  "utils/FileDownHelp-dbg.js": 1652198950000,
  "utils/DesktopMenu-dbg.js": 1651166494000,
  "utils/Common-dbg.js": 1702579492409,
  "model/start-dbg.js": 1665693606000,
  "model/models-dbg.js": 1651166494000,
  "model/makeHelper-dbg.js": 1665693620000,
  "controller/Main-dbg.controller.js": 1695998625823,
  "controller/BaseController-dbg.js": 1665693739000,
  "controller/App-dbg.controller.js": 1665693727000,
  "Component-dbg.js": 1702398273585,
  "view/Claim/block/information/InformationBlock.view.xml": 1665684154000,
  "view/Claim/block/conversation/ConversationBlock.view.xml": 1665684210000,
  "view/Claim/block/attachment/AttachmentBlock.view.xml": 1674664286000,
  "view/Autogestion/SectionBlocks/sociedades/SociedadesBlock.view.xml": 1651166494000,
  "view/Autogestion/SectionBlocks/sociedades/RetencionesBlock.view.xml": 1651166494000,
  "view/Autogestion/SectionBlocks/personal/PersonalBlockPart2.view.xml": 1651166494000,
  "view/Autogestion/SectionBlocks/personal/PersonalBlockPart1.view.xml": 1651166494000,
  "view/Autogestion/SectionBlocks/personal/BlockSocial.view.xml": 1651166494000,
  "view/Autogestion/SectionBlocks/personal/BlockPhoneNumber.view.xml": 1651166494000,
  "view/Autogestion/SectionBlocks/personal/BlockMailing.view.xml": 1651166494000,
  "view/Autogestion/SectionBlocks/personal/BlockAdresses.view.xml": 1651166494000,
  "view/Autogestion/SectionBlocks/goals/GoalsBlock.view.xml": 1651166494000,
  "view/Autogestion/SectionBlocks/employment/EmploymentBlockJobExpanded.view.xml": 1651166494000,
  "view/Autogestion/SectionBlocks/employment/EmploymentBlockJobCollapsed.view.xml": 1651166494000,
  "view/Autogestion/SectionBlocks/employment/BlockJobInfoPart3.view.xml": 1651166494000,
  "view/Autogestion/SectionBlocks/employment/BlockJobInfoPart2.view.xml": 1651166494000,
  "view/Autogestion/SectionBlocks/employment/BlockJobInfoPart1.view.xml": 1651166494000,
  "view/Autogestion/SectionBlocks/employment/BlockEmpDetailPart3.view.xml": 1651166494000,
  "view/Autogestion/SectionBlocks/employment/BlockEmpDetailPart2.view.xml": 1651166494000,
  "view/Autogestion/SectionBlocks/employment/BlockEmpDetailPart1.view.xml": 1651166494000,
  "view/Autogestion/SectionBlocks/direccion/DireccionEstBlock.view.xml": 1651166494000,
  "view/Autogestion/SectionBlocks/direccion/ComunicacionEstBlock.view.xml": 1651166494000,
  "view/Autogestion/SectionBlocks/datosBasicos/DatosBasicosBlock.view.xml": 1651166494000,
  "view/Autogestion/SectionBlocks/cuentas/CuentasBlock.view.xml": 1651166494000,
  "view/Autogestion/SectionBlocks/compras/ComprasBlock.view.xml": 1651166494000,
  "view/Autogestion/SectionBlocks/checklist/ChecksBlock.view.xml": 1665692716000,
  "view/Autogestion/SectionBlocks/adjuntos/AdjuntosBlock.view.xml": 1651166494000,
  "view/AltaForm/SectionBlocks/datosImpuesto/DatosImpuestoBlock.view.xml": 1665692923000,
  "view/AltaForm/SectionBlocks/datosDireccion/DatosDireccionBlock.view.xml": 1665692963000,
  "view/AltaForm/SectionBlocks/datosBasicos/DatosBasicosBlock.view.xml": 1651166494000,
  "view/AltaForm/SectionBlocks/datosBanco/DatosBancoBlock.view.xml": 1651166494000,
  "view/AltaForm/SectionBlocks/checklist/ChecksBlock.view.xml": 1665693056000,
  "view/fragment/ViewNoticia.fragment.xml": 1651166494000,
  "view/fragment/ViewNotaProveedor.fragment.xml": 1660310121000,
  "view/fragment/ViewCtaCte.fragment.xml": 1652716946000,
  "view/fragment/SendFile.fragment.xml": 1651166494000,
  "view/fragment/ListsOCs.fragment.xml": 1662742004000,
  "view/fragment/DetailFacturas.fragment.xml": 1661887869000,
  "view/fragment/BusyStatus.fragment.xml": 1651166494000,
  "view/Pizarron/Pizarron.view.xml": 1665683843000,
  "view/OC/OrdenCompra.view.xml": 1665683868000,
  "view/Facturas/FacturasView.view.xml": 1665684053000,
  "view/Facturas/Facturas.view.xml": 1702588680689,
  "view/CtaCte/CuentaCorriente.view.xml": 1691588015000,
  "view/Claim/Claims.view.xml": 1665684118000,
  "view/Claim/Claim.view.xml": 1665684131000,
  "view/Autogestion/Autogestion.view.xml": 1665691605000,
  "view/AltaForm/AltaFormulario.view.xml": 1665692821000,
  "view/Main.view.xml": 1691689878000,
  "view/App.view.xml": 1665683816000,
  "css/style.css": 1651271199000,
  "index.html": 1702313969926
}