{
  "welcomeFile": "/index.html",
  "authenticationMethod": "route",
  "routes": [
    {
      "source": "^/sap/(.*)$",
      "target": "/sap/$1",
      "destination": "GwSimplot_Qas",
      "authenticationType": "xsuaa",
      "csrfProtection": false
    },
    {
      "source": "^/resources/(.*)$",
      "target": "/resources/$1",
      "authenticationType": "none",
      "destination": "ui5"
    },
    {
      "source": "^/test-resources/(.*)$",
      "target": "/test-resources/$1",
      "authenticationType": "none",
      "destination": "ui5"
    },
    {
      "source": "^(.*)$",
      "target": "$1",
      "service": "html5-apps-repo-rt",
      "authenticationType": "xsuaa"
    },
    {
        "source": "^/api/(.*)$",
        "target": "/document-information-extraction/v1/$1",
        "service": "com.sap.apps.documentinformationextraction",
        "endpoint": "backend",
        "csrfProtection": false
    },
    {
        "authenticationType": "xsuaa",
        "csrfProtection": false,
        "source": "document-information-extraction/v1/(.*)$",
        "destination": "DocumentInfo",
        "target": "$1"
    }
  ]
}
