{
  "view/Autogestion/SectionBlocks/employment/BlockEmpDetailPart3-dbg.js": 1704904371265,
  "i18n/i18n_es.properties": 1695997839000,
  "i18n/i18n_en.properties": 1675688606000,
  "i18n/i18n_pt.properties": 1674664086000,
  "utils/controller/CommonNoticia.js": 1665693554000,
  "view/Claim/block/information/InformationBlock.js": 1704904206616,
  "view/Claim/block/conversation/ConversationBlock.js": 1704904222568,
  "view/Claim/block/attachment/AttachmentBlock.js": 1704904233151,
  "view/Autogestion/SectionBlocks/sociedades/SociedadesBlock.js": 1704904285355,
  "view/Autogestion/SectionBlocks/sociedades/RetencionesBlock.js": 1704904294946,
  "view/Autogestion/SectionBlocks/personal/PersonalBlockPart2.js": 1704904305746,
  "view/Autogestion/SectionBlocks/personal/PersonalBlockPart1.js": 1704904311654,
  "view/Autogestion/SectionBlocks/personal/BlockSocial.js": 1704904316786,
  "view/Autogestion/SectionBlocks/personal/BlockPhoneNumber.js": 1704904322410,
  "view/Autogestion/SectionBlocks/personal/BlockMailing.js": 1704904327250,
  "view/Autogestion/SectionBlocks/personal/BlockAdresses.js": 1704904331834,
  "view/Autogestion/SectionBlocks/goals/GoalsBlock.js": 1704904340442,
  "view/Autogestion/SectionBlocks/employment/EmploymentBlockJob.js": 1704904350126,
  "view/Autogestion/SectionBlocks/employment/BlockJobInfoPart3.js": 1704904355186,
  "view/Autogestion/SectionBlocks/employment/BlockJobInfoPart2.js": 1704904360437,
  "view/Autogestion/SectionBlocks/employment/BlockJobInfoPart1.js": 1704904366205,
  "view/Autogestion/SectionBlocks/employment/BlockEmpDetailPart3.js": 1704904371265,
  "view/Autogestion/SectionBlocks/employment/BlockEmpDetailPart2.js": 1704904376789,
  "view/Autogestion/SectionBlocks/employment/BlockEmpDetailPart1.js": 1704904381021,
  "view/Autogestion/SectionBlocks/direccion/DireccionEstBlock.js": 1704904388913,
  "view/Autogestion/SectionBlocks/direccion/ComunicacionEstBlock.js": 1704904392977,
  "view/Autogestion/SectionBlocks/datosBasicos/DatosBasicosBlock.js": 1704904400565,
  "view/Autogestion/SectionBlocks/cuentas/CuentasBlock.js": 1704904408105,
  "view/Autogestion/SectionBlocks/compras/ComprasBlock.js": 1704904417969,
  "view/Autogestion/SectionBlocks/checklist/ChecksBlock.js": 1704904429332,
  "view/Autogestion/SectionBlocks/adjuntos/AdjuntosBlock.js": 1704904437712,
  "view/AltaForm/SectionBlocks/datosImpuesto/DatosImpuestoBlock.js": 1704904461972,
  "view/AltaForm/SectionBlocks/datosDireccion/DatosDireccionBlock.js": 1704904470608,
  "view/AltaForm/SectionBlocks/datosBasicos/DatosBasicosBlock.js": 1704904479072,
  "view/AltaForm/SectionBlocks/datosBanco/DatosBancoBlock.js": 1704904484544,
  "view/AltaForm/SectionBlocks/checklist/ChecksBlock.js": 1704904491779,
  "utils/model/start.js": 1704904557550,
  "utils/model/models.js": 1651166494000,
  "utils/model/makeHelper.js": 1704904562898,
  "utils/helper/promise.js": 1704904569922,
  "utils/helper/device.js": 1704904574870,
  "utils/controller/CommonOC.js": 1665693572000,
  "manifest.json": 1704904830177,
  "utils/controller/CommonFacturasView.js": 1665693522000,
  "utils/controller/CommonFacturas.js": 1702589959000,
  "utils/controller/CommonCtaCte.js": 1665693446000,
  "utils/controller/CommonClaims.js": 1665693487000,
  "utils/controller/CommonAltaForm.js": 1665693414000,
  "model/Claim/formatter.js": 1704904674337,
  "controller/Pizarron/Pizarron.controller.js": 1704904720276,
  "controller/OC/OrdenCompra.controller.js": 1704904726828,
  "controller/Facturas/FacturasView.controller.js": 1704904733908,
  "controller/Facturas/Facturas.controller.js": 1704904740012,
  "controller/CtaCte/CuentaCorriente.controller.js": 1704904745959,
  "controller/Claim/InformationBlock.controller.js": 1704904751619,
  "controller/Claim/ConversationBlock.controller.js": 1704904755147,
  "controller/Claim/Claims.controller.js": 1704904758955,
  "controller/Claim/Claim.controller.js": 1704904762191,
  "controller/Claim/AttachmentBlock.controller.js": 1704904766019,
  "controller/Autogestion/Autogestion.controller.js": 1704904772311,
  "controller/AltaForm/BlockCommon.controller.js": 1704904787855,
  "controller/AltaForm/AltaFormulario.controller.js": 1704904782651,
  "utils/models.js": 1651166494000,
  "utils/modelHelper.js": 1704904517503,
  "utils/locate-reuse-libs.js": 1651166494000,
  "utils/gateway.js": 1704904538899,
  "utils/ResourceBundle.js": 1704904510635,
  "utils/MessageParser.js": 1704904525135,
  "utils/MessageDialog.js": 1704904530339,
  "utils/FileReaderHelp.js": 1652198950000,
  "utils/FileDownHelp.js": 1652198950000,
  "utils/DesktopMenu.js": 1651166494000,
  "utils/Common.js": 1704904551638,
  "model/start.js": 1704904663765,
  "model/models.js": 1651166494000,
  "model/makeHelper.js": 1704904669301,
  "controller/Main.controller.js": 1704904701664,
  "controller/BaseController.js": 1704904704820,
  "controller/App.controller.js": 1704904710624,
  "Component.js": 1704904108713,
  "manifest-bundle.zip": 1704904830193,
  "Component-preload.js": 1704904831118,
  "view/Autogestion/SectionBlocks/employment/BlockJobInfoPart3-dbg.js": 1704904355186,
  "view/Claim/block/conversation/ConversationBlock-dbg.js": 1704904222568,
  "view/Claim/block/attachment/AttachmentBlock-dbg.js": 1704904233151,
  "view/Autogestion/SectionBlocks/sociedades/SociedadesBlock-dbg.js": 1704904285355,
  "view/Autogestion/SectionBlocks/sociedades/RetencionesBlock-dbg.js": 1704904294946,
  "view/Autogestion/SectionBlocks/personal/PersonalBlockPart2-dbg.js": 1704904305746,
  "view/Autogestion/SectionBlocks/personal/PersonalBlockPart1-dbg.js": 1704904311654,
  "view/Autogestion/SectionBlocks/personal/BlockSocial-dbg.js": 1704904316786,
  "view/Autogestion/SectionBlocks/personal/BlockPhoneNumber-dbg.js": 1704904322410,
  "view/Autogestion/SectionBlocks/personal/BlockMailing-dbg.js": 1704904327250,
  "view/Autogestion/SectionBlocks/personal/BlockAdresses-dbg.js": 1704904331834,
  "view/Autogestion/SectionBlocks/goals/GoalsBlock-dbg.js": 1704904340442,
  "view/Autogestion/SectionBlocks/employment/EmploymentBlockJob-dbg.js": 1704904350126,
  "view/Claim/block/information/InformationBlock-dbg.js": 1704904206616,
  "view/Autogestion/SectionBlocks/employment/BlockJobInfoPart2-dbg.js": 1704904360437,
  "view/Autogestion/SectionBlocks/employment/BlockJobInfoPart1-dbg.js": 1704904366205,
  "i18n/i18n.properties": 1694532197000,
  "view/Autogestion/SectionBlocks/employment/BlockEmpDetailPart2-dbg.js": 1704904376789,
  "view/Autogestion/SectionBlocks/employment/BlockEmpDetailPart1-dbg.js": 1704904381021,
  "view/Autogestion/SectionBlocks/direccion/DireccionEstBlock-dbg.js": 1704904388913,
  "view/Autogestion/SectionBlocks/direccion/ComunicacionEstBlock-dbg.js": 1704904392977,
  "view/Autogestion/SectionBlocks/datosBasicos/DatosBasicosBlock-dbg.js": 1704904400565,
  "view/Autogestion/SectionBlocks/cuentas/CuentasBlock-dbg.js": 1704904408105,
  "view/Autogestion/SectionBlocks/compras/ComprasBlock-dbg.js": 1704904417969,
  "view/Autogestion/SectionBlocks/checklist/ChecksBlock-dbg.js": 1704904429332,
  "view/Autogestion/SectionBlocks/adjuntos/AdjuntosBlock-dbg.js": 1704904437712,
  "view/AltaForm/SectionBlocks/datosImpuesto/DatosImpuestoBlock-dbg.js": 1704904461972,
  "view/AltaForm/SectionBlocks/datosDireccion/DatosDireccionBlock-dbg.js": 1704904470608,
  "view/AltaForm/SectionBlocks/datosBasicos/DatosBasicosBlock-dbg.js": 1704904479072,
  "view/AltaForm/SectionBlocks/datosBanco/DatosBancoBlock-dbg.js": 1704904484544,
  "view/AltaForm/SectionBlocks/checklist/ChecksBlock-dbg.js": 1704904491779,
  "utils/model/start-dbg.js": 1704904557550,
  "utils/model/models-dbg.js": 1651166494000,
  "utils/model/makeHelper-dbg.js": 1704904562898,
  "utils/helper/promise-dbg.js": 1704904569922,
  "utils/helper/device-dbg.js": 1704904574870,
  "utils/controller/CommonOC-dbg.js": 1665693572000,
  "utils/controller/CommonNoticia-dbg.js": 1665693554000,
  "utils/controller/CommonFacturasView-dbg.js": 1665693522000,
  "utils/controller/CommonFacturas-dbg.js": 1702589959000,
  "utils/controller/CommonCtaCte-dbg.js": 1665693446000,
  "utils/controller/CommonClaims-dbg.js": 1665693487000,
  "utils/controller/CommonAltaForm-dbg.js": 1665693414000,
  "controller/Pizarron/Pizarron-dbg.controller.js": 1704904720276,
  "controller/OC/OrdenCompra-dbg.controller.js": 1704904726828,
  "controller/Facturas/FacturasView-dbg.controller.js": 1704904733908,
  "controller/Facturas/Facturas-dbg.controller.js": 1704904740012,
  "controller/CtaCte/CuentaCorriente-dbg.controller.js": 1704904745959,
  "controller/Claim/InformationBlock-dbg.controller.js": 1704904751619,
  "controller/Claim/ConversationBlock-dbg.controller.js": 1704904755147,
  "controller/Claim/Claims-dbg.controller.js": 1704904758955,
  "controller/Claim/Claim-dbg.controller.js": 1704904762191,
  "controller/Claim/AttachmentBlock-dbg.controller.js": 1704904766019,
  "controller/Autogestion/Autogestion-dbg.controller.js": 1704904772311,
  "controller/AltaForm/BlockCommon-dbg.controller.js": 1704904787855,
  "controller/AltaForm/AltaFormulario-dbg.controller.js": 1704904782651,
  "model/Claim/formatter-dbg.js": 1704904674337,
  "utils/models-dbg.js": 1651166494000,
  "utils/modelHelper-dbg.js": 1704904517503,
  "utils/locate-reuse-libs-dbg.js": 1651166494000,
  "utils/gateway-dbg.js": 1704904538899,
  "utils/ResourceBundle-dbg.js": 1704904510635,
  "utils/MessageParser-dbg.js": 1704904525135,
  "utils/MessageDialog-dbg.js": 1704904530339,
  "utils/FileReaderHelp-dbg.js": 1652198950000,
  "utils/FileDownHelp-dbg.js": 1652198950000,
  "utils/DesktopMenu-dbg.js": 1651166494000,
  "utils/Common-dbg.js": 1704904551638,
  "controller/Main-dbg.controller.js": 1704904701664,
  "controller/BaseController-dbg.js": 1704904704820,
  "controller/App-dbg.controller.js": 1704904710624,
  "model/start-dbg.js": 1704904663765,
  "model/models-dbg.js": 1651166494000,
  "model/makeHelper-dbg.js": 1704904669301,
  "Component-dbg.js": 1704904108713,
  "view/Claim/block/conversation/ConversationBlock.view.xml": 1704904216932,
  "view/Claim/block/information/InformationBlock.view.xml": 1704904200572,
  "view/Claim/block/attachment/AttachmentBlock.view.xml": 1704904228000,
  "view/Autogestion/SectionBlocks/sociedades/SociedadesBlock.view.xml": 1651166494000,
  "view/Autogestion/SectionBlocks/sociedades/RetencionesBlock.view.xml": 1651166494000,
  "view/Autogestion/SectionBlocks/personal/PersonalBlockPart2.view.xml": 1651166494000,
  "view/Autogestion/SectionBlocks/personal/PersonalBlockPart1.view.xml": 1651166494000,
  "view/Autogestion/SectionBlocks/personal/BlockSocial.view.xml": 1651166494000,
  "view/Autogestion/SectionBlocks/personal/BlockPhoneNumber.view.xml": 1651166494000,
  "view/Autogestion/SectionBlocks/personal/BlockMailing.view.xml": 1651166494000,
  "view/Autogestion/SectionBlocks/personal/BlockAdresses.view.xml": 1651166494000,
  "view/Autogestion/SectionBlocks/employment/EmploymentBlockJobExpanded.view.xml": 1651166494000,
  "view/Autogestion/SectionBlocks/employment/EmploymentBlockJobCollapsed.view.xml": 1651166494000,
  "view/Autogestion/SectionBlocks/employment/BlockJobInfoPart3.view.xml": 1651166494000,
  "view/Autogestion/SectionBlocks/employment/BlockJobInfoPart2.view.xml": 1651166494000,
  "view/Autogestion/SectionBlocks/employment/BlockJobInfoPart1.view.xml": 1651166494000,
  "view/Autogestion/SectionBlocks/employment/BlockEmpDetailPart3.view.xml": 1651166494000,
  "view/Autogestion/SectionBlocks/employment/BlockEmpDetailPart2.view.xml": 1651166494000,
  "view/Autogestion/SectionBlocks/employment/BlockEmpDetailPart1.view.xml": 1651166494000,
  "view/Autogestion/SectionBlocks/goals/GoalsBlock.view.xml": 1651166494000,
  "view/Autogestion/SectionBlocks/direccion/DireccionEstBlock.view.xml": 1651166494000,
  "view/Autogestion/SectionBlocks/direccion/ComunicacionEstBlock.view.xml": 1651166494000,
  "view/Autogestion/SectionBlocks/datosBasicos/DatosBasicosBlock.view.xml": 1651166494000,
  "view/Autogestion/SectionBlocks/cuentas/CuentasBlock.view.xml": 1651166494000,
  "view/Autogestion/SectionBlocks/compras/ComprasBlock.view.xml": 1651166494000,
  "view/Autogestion/SectionBlocks/checklist/ChecksBlock.view.xml": 1704904426584,
  "view/Autogestion/SectionBlocks/adjuntos/AdjuntosBlock.view.xml": 1651166494000,
  "view/AltaForm/SectionBlocks/datosImpuesto/DatosImpuestoBlock.view.xml": 1704904459080,
  "view/AltaForm/SectionBlocks/datosBasicos/DatosBasicosBlock.view.xml": 1651166494000,
  "view/AltaForm/SectionBlocks/datosDireccion/DatosDireccionBlock.view.xml": 1704904467428,
  "view/AltaForm/SectionBlocks/datosBanco/DatosBancoBlock.view.xml": 1651166494000,
  "view/AltaForm/SectionBlocks/checklist/ChecksBlock.view.xml": 1704904489067,
  "view/fragment/ViewNoticia.fragment.xml": 1651166494000,
  "view/fragment/ViewNotaProveedor.fragment.xml": 1660310121000,
  "view/fragment/ViewCtaCte.fragment.xml": 1652716946000,
  "view/fragment/SendFile.fragment.xml": 1651166494000,
  "view/fragment/ListsOCs.fragment.xml": 1662742004000,
  "view/fragment/DetailFacturas.fragment.xml": 1661887869000,
  "view/fragment/BusyStatus.fragment.xml": 1651166494000,
  "view/Pizarron/Pizarron.view.xml": 1704904134929,
  "view/OC/OrdenCompra.view.xml": 1704904144793,
  "view/Facturas/FacturasView.view.xml": 1704904162173,
  "view/Facturas/Facturas.view.xml": 1704904166756,
  "view/CtaCte/CuentaCorriente.view.xml": 1704904171872,
  "view/Claim/Claims.view.xml": 1704904177916,
  "view/Claim/Claim.view.xml": 1704904186544,
  "view/Autogestion/Autogestion.view.xml": 1704904253831,
  "view/AltaForm/AltaFormulario.view.xml": 1704904450692,
  "view/Main.view.xml": 1704904121613,
  "view/App.view.xml": 1704904125705,
  "css/style.css": 1651271199000,
  "index.html": 1704904094850
}